Tanggal,Kode_Emiten,Volatilitas_Aktual,Volatilitas_Pred_LSTM,Error_Abs,Error_Pct
2025-10-01,ADRO,0.019555,0.018438,0.001117,5.71
2025-10-02,ADRO,0.019484,0.018603,0.000881,4.5224
2025-10-03,ADRO,0.01898,0.018753,0.000228,1.2008
2025-10-06,ADRO,0.018385,0.018851,0.000466,2.5343
2025-10-07,ADRO,0.017861,0.018994,0.001134,6.3481
2025-10-08,ADRO,0.031403,0.019147,0.012256,39.0275
2025-10-09,ADRO,0.035257,0.019275,0.015983,45.3311
2025-10-10,ADRO,0.03528,0.019443,0.015837,44.8901
2025-10-13,ADRO,0.035463,0.019608,0.015854,44.7074
2025-10-14,ADRO,0.035308,0.019769,0.015539,44.0103
2025-10-15,ADRO,0.035342,0.019936,0.015406,43.5923
2025-10-16,ADRO,0.034999,0.020062,0.014937,42.679
2025-10-17,ADRO,0.03501,0.020196,0.014814,42.3141
2025-10-20,ADRO,0.035531,0.02026,0.015271,42.9787
2025-10-21,ADRO,0.035915,0.020295,0.01562,43.4925
2025-10-22,ADRO,0.035903,0.020202,0.015701,43.7317
2025-10-23,ADRO,0.035923,0.020173,0.01575,43.8435
2025-10-24,ADRO,0.035982,0.020131,0.015852,44.0535
2025-10-27,ADRO,0.035973,0.020133,0.01584,44.0339
2025-10-28,ADRO,0.035597,0.020111,0.015486,43.503
2025-10-29,ADRO,0.03941,0.020155,0.019255,48.8584
2025-10-30,ADRO,0.039519,0.020226,0.019293,48.8195
2025-10-31,ADRO,0.041484,0.020346,0.021137,50.9534
2025-11-03,ADRO,0.041714,0.020516,0.021197,50.8165
2025-11-04,ADRO,0.04206,0.02069,0.02137,50.808
2025-11-05,ADRO,0.033713,0.020873,0.01284,38.0864
2025-11-06,ADRO,0.029758,0.020866,0.008892,29.8796
2025-11-07,ADRO,0.029776,0.020966,0.008809,29.5858
2025-11-10,ADRO,0.029415,0.021041,0.008375,28.47
2025-11-11,ADRO,0.02924,0.021114,0.008125,27.789
2025-11-12,ADRO,0.028799,0.02118,0.007619,26.4557
2025-11-13,ADRO,0.029286,0.021239,0.008047,27.4777
2025-11-14,ADRO,0.029834,0.021291,0.008543,28.6356
2025-11-17,ADRO,0.029537,0.021345,0.008192,27.7345
2025-11-18,ADRO,0.02666,0.021345,0.005315,19.9367
2025-11-19,ADRO,0.026597,0.021281,0.005316,19.9872
2025-11-20,ADRO,0.026701,0.021228,0.005473,20.4988
2025-11-21,ADRO,0.026768,0.021159,0.00561,20.9558
2025-11-24,ADRO,0.026641,0.021081,0.00556,20.8694
2025-11-25,ADRO,0.026801,0.020957,0.005843,21.8029
2025-11-26,ADRO,0.019367,0.020827,0.00146,7.5389
2025-11-27,ADRO,0.018744,0.020582,0.001839,9.809
2025-11-28,ADRO,0.015522,0.020344,0.004822,31.0624
2025-12-01,ADRO,0.013879,0.020135,0.006257,45.0803
2025-12-02,ADRO,0.013748,0.019893,0.006144,44.6921
2025-12-03,ADRO,0.013757,0.019667,0.00591,42.9622
2025-12-04,ADRO,0.013906,0.019443,0.005537,39.8155
2025-12-05,ADRO,0.013474,0.019206,0.005732,42.5438
2025-12-08,ADRO,0.017284,0.018972,0.001688,9.7642
2025-12-09,ADRO,0.018814,0.018767,4.7e-05,0.2484
2025-12-10,ADRO,0.018645,0.018604,4.2e-05,0.2231
2025-12-11,ADRO,0.019161,0.018448,0.000713,3.723
2025-12-12,ADRO,0.018446,0.018349,9.7e-05,0.5264
2025-12-15,ADRO,0.019033,0.01831,0.000723,3.7977
2025-12-16,ADRO,0.018883,0.018256,0.000627,3.3196
2025-12-17,ADRO,0.01819,0.018294,0.000104,0.5715
2025-12-18,ADRO,0.021123,0.018263,0.00286,13.5408
2025-12-19,ADRO,0.020675,0.018289,0.002386,11.5395
2025-12-22,ADRO,0.020683,0.018391,0.002293,11.0856
2025-12-23,ADRO,0.020534,0.018501,0.002033,9.9014
2025-12-24,ADRO,0.020585,0.018676,0.001908,9.271
2025-12-29,ADRO,0.020872,0.018857,0.002015,9.6552
2025-12-30,ADRO,0.020859,0.019086,0.001773,8.5016
2026-01-02,ADRO,0.020859,0.019326,0.001533,7.3472
2026-01-05,ADRO,0.020859,0.019558,0.001301,6.2386
2026-01-06,ADRO,0.020968,0.019763,0.001205,5.7473
2026-01-07,ADRO,0.025325,0.019956,0.005369,21.1989
2026-01-08,ADRO,0.025281,0.020196,0.005085,20.1149
2026-01-09,ADRO,0.024512,0.020463,0.004049,16.5182
2026-01-12,ADRO,0.022421,0.020632,0.001789,7.9782
2026-01-13,ADRO,0.024872,0.020869,0.004003,16.0928
2026-01-14,ADRO,0.024769,0.021065,0.003704,14.9551
2026-01-15,ADRO,0.024769,0.021276,0.003492,14.1003
2026-01-19,ADRO,0.026381,0.02144,0.004941,18.7293
2026-01-20,ADRO,0.026103,0.021525,0.004578,17.5379
2026-01-21,ADRO,0.026052,0.02158,0.004472,17.1643
2026-01-22,ADRO,0.025673,0.021591,0.004081,15.897
2026-01-23,ADRO,0.025477,0.021499,0.003978,15.6148
2026-01-26,ADRO,0.025538,0.021418,0.00412,16.1332
2026-01-27,ADRO,0.028619,0.021342,0.007277,25.4263
2026-01-28,ADRO,0.030304,0.021267,0.009037,29.8216
2026-01-29,ADRO,0.030072,0.021204,0.008868,29.4892
2026-01-30,ADRO,0.030244,0.0211,0.009144,30.2334
2026-02-02,ADRO,0.031678,0.021021,0.010656,33.6398
2026-02-03,ADRO,0.031679,0.020926,0.010753,33.9426
2026-02-04,ADRO,0.031683,0.020799,0.010884,34.3531
2026-02-05,ADRO,0.029006,0.020651,0.008355,28.806
2026-02-06,ADRO,0.02906,0.02045,0.008611,29.6304
2026-02-09,ADRO,0.028544,0.020232,0.008312,29.1187
2026-02-10,ADRO,0.028357,0.020005,0.008352,29.4527
2026-02-11,ADRO,0.024893,0.019742,0.005152,20.695
2026-02-12,ADRO,0.024188,0.019455,0.004732,19.5654
2026-02-13,ADRO,0.024188,0.019241,0.004947,20.4512
2026-02-18,ADRO,0.023494,0.019052,0.004443,18.9088
2026-02-19,ADRO,0.022934,0.018905,0.004029,17.5672
2026-02-20,ADRO,0.022866,0.018757,0.004109,17.9689
2026-02-23,ADRO,0.02114,0.01863,0.00251,11.874
2026-02-24,ADRO,0.020667,0.018496,0.002172,10.5076
2026-02-25,ADRO,0.022223,0.018399,0.003824,17.2072
2026-02-26,ADRO,0.020528,0.018344,0.002184,10.6382
2026-02-27,ADRO,0.018724,0.018367,0.000357,1.9075
2026-03-02,ADRO,0.019649,0.018441,0.001208,6.1462
2026-03-03,ADRO,0.020051,0.018495,0.001556,7.758
2026-03-04,ADRO,0.019722,0.018589,0.001133,5.7443
2026-03-05,ADRO,0.019776,0.018718,0.001058,5.35
2026-03-06,ADRO,0.020105,0.018834,0.001271,6.3225
2026-03-09,ADRO,0.018575,0.018934,0.000359,1.9351
2026-03-10,ADRO,0.018281,0.019041,0.00076,4.1567
2026-03-11,ADRO,0.018311,0.019129,0.000818,4.466
2026-03-12,ADRO,0.022165,0.019177,0.002988,13.4803
2026-03-13,ADRO,0.022087,0.019154,0.002933,13.2804
2026-03-16,ADRO,0.022595,0.019095,0.003499,15.4875
2026-03-17,ADRO,0.022568,0.019009,0.003559,15.7688
2026-03-25,ADRO,0.026942,0.018913,0.008029,29.8004
2026-03-26,ADRO,0.027371,0.018777,0.008594,31.3981
2026-03-27,ADRO,0.027764,0.018659,0.009105,32.7941
2026-03-30,ADRO,0.028364,0.018561,0.009803,34.5629
2026-03-31,ADRO,0.028453,0.018458,0.009995,35.1271
2026-04-01,ADRO,0.029066,0.018389,0.010677,36.7342
2026-04-02,ADRO,0.028522,0.018281,0.010241,35.905
2026-04-06,ADRO,0.028499,0.018212,0.010287,36.0969
2026-04-07,ADRO,0.029435,0.018175,0.01126,38.2545
2026-04-08,ADRO,0.028886,0.018266,0.01062,36.7665
2026-04-09,ADRO,0.028158,0.018411,0.009747,34.6144
2026-04-10,ADRO,0.028156,0.018639,0.009517,33.8021
2026-04-13,ADRO,0.02821,0.018928,0.009282,32.9043
2026-04-14,ADRO,0.027902,0.01924,0.008662,31.0453
2026-04-15,ADRO,0.028422,0.019542,0.00888,31.2426
2026-04-16,ADRO,0.028237,0.019838,0.008399,29.7457
2026-04-17,ADRO,0.025025,0.020196,0.004829,19.2978
2026-04-20,ADRO,0.025112,0.020447,0.004665,18.5752
2026-04-21,ADRO,0.024973,0.020544,0.00443,17.7372
2026-04-22,ADRO,0.025012,0.02055,0.004461,17.8367
2026-04-23,ADRO,0.018927,0.020468,0.001541,8.1399
2026-04-24,ADRO,0.018509,0.020318,0.001809,9.771
2026-04-27,ADRO,0.018203,0.020036,0.001833,10.0707
2026-04-28,ADRO,0.01676,0.019742,0.002982,17.7934
2026-04-29,ADRO,0.016722,0.019427,0.002706,16.1815
2025-10-01,ADMR,0.022589,0.02682,0.00423,18.7276
2025-10-02,ADMR,0.022235,0.027382,0.005148,23.1517
2025-10-03,ADMR,0.022292,0.027724,0.005432,24.3675
2025-10-06,ADMR,0.021556,0.028107,0.006551,30.3904
2025-10-07,ADMR,0.021303,0.028821,0.007518,35.2913
2025-10-08,ADMR,0.052979,0.029552,0.023427,44.2188
2025-10-09,ADMR,0.055379,0.030346,0.025033,45.203
2025-10-10,ADMR,0.055939,0.031204,0.024735,44.2181
2025-10-13,ADMR,0.055769,0.032105,0.023665,42.4331
2025-10-14,ADMR,0.055892,0.032677,0.023215,41.5359
2025-10-15,ADMR,0.058104,0.033207,0.024897,42.8484
2025-10-16,ADMR,0.05812,0.033662,0.024458,42.0823
2025-10-17,ADMR,0.062886,0.034038,0.028848,45.874
2025-10-20,ADMR,0.063619,0.034335,0.029284,46.0307
2025-10-21,ADMR,0.065269,0.03454,0.030729,47.0802
2025-10-22,ADMR,0.066367,0.034461,0.031907,48.0759
2025-10-23,ADMR,0.066277,0.034403,0.031874,48.0916
2025-10-24,ADMR,0.066527,0.034331,0.032196,48.3953
2025-10-27,ADMR,0.067495,0.034172,0.033323,49.3709
2025-10-28,ADMR,0.067057,0.03381,0.033246,49.5795
2025-10-29,ADMR,0.067294,0.03354,0.033753,50.1584
2025-10-30,ADMR,0.067782,0.033249,0.034532,50.9465
2025-10-31,ADMR,0.069161,0.03284,0.036321,52.5169
2025-11-03,ADMR,0.06934,0.032498,0.036842,53.1324
2025-11-04,ADMR,0.069298,0.03208,0.037218,53.7075
2025-11-05,ADMR,0.0485,0.031635,0.016865,34.7739
2025-11-06,ADMR,0.046636,0.030751,0.015886,34.0626
2025-11-07,ADMR,0.045204,0.030243,0.014961,33.0967
2025-11-10,ADMR,0.045336,0.029982,0.015354,33.8678
2025-11-11,ADMR,0.045848,0.029786,0.016063,35.0339
2025-11-12,ADMR,0.043714,0.029559,0.014155,32.3802
2025-11-13,ADMR,0.043644,0.029462,0.014182,32.4954
2025-11-14,ADMR,0.037589,0.029375,0.008214,21.8515
2025-11-17,ADMR,0.035986,0.029376,0.00661,18.3687
2025-11-18,ADMR,0.031034,0.02934,0.001694,5.4587
2025-11-19,ADMR,0.029428,0.029084,0.000343,1.1659
2025-11-20,ADMR,0.029019,0.02885,0.000169,0.5823
2025-11-21,ADMR,0.029278,0.028546,0.000732,2.5009
2025-11-24,ADMR,0.023349,0.028191,0.004842,20.7381
2025-11-25,ADMR,0.023121,0.027595,0.004474,19.3495
2025-11-26,ADMR,0.020501,0.027039,0.006538,31.893
2025-11-27,ADMR,0.020796,0.026549,0.005753,27.6625
2025-11-28,ADMR,0.018353,0.026171,0.007819,42.6029
2025-12-01,ADMR,0.018313,0.025887,0.007574,41.3602
2025-12-02,ADMR,0.020217,0.02567,0.005453,26.9726
2025-12-03,ADMR,0.020141,0.025428,0.005287,26.2493
2025-12-04,ADMR,0.019357,0.025178,0.005822,30.0755
2025-12-05,ADMR,0.019679,0.024906,0.005227,26.559
2025-12-08,ADMR,0.03265,0.024623,0.008027,24.5862
2025-12-09,ADMR,0.033363,0.02438,0.008983,26.9244
2025-12-10,ADMR,0.033623,0.02406,0.009563,28.4413
2025-12-11,ADMR,0.033955,0.02392,0.010035,29.5542
2025-12-12,ADMR,0.033698,0.023921,0.009777,29.0142
2025-12-15,ADMR,0.033693,0.02406,0.009633,28.591
2025-12-16,ADMR,0.033011,0.024264,0.008748,26.4987
2025-12-17,ADMR,0.033179,0.02455,0.008629,26.0079
2025-12-18,ADMR,0.033774,0.024794,0.008979,26.587
2025-12-19,ADMR,0.033736,0.025058,0.008677,25.7212
2025-12-22,ADMR,0.034658,0.025405,0.009253,26.6988
2025-12-23,ADMR,0.034905,0.025685,0.009219,26.4124
2025-12-24,ADMR,0.034902,0.025971,0.008931,25.5898
2025-12-29,ADMR,0.046305,0.026226,0.020079,43.3634
2025-12-30,ADMR,0.046979,0.026483,0.020496,43.628
2026-01-02,ADMR,0.047708,0.026877,0.020831,43.6643
2026-01-05,ADMR,0.047511,0.027228,0.020283,42.6919
2026-01-06,ADMR,0.050476,0.027334,0.023142,45.8481
2026-01-07,ADMR,0.050069,0.027481,0.022588,45.1131
2026-01-08,ADMR,0.054857,0.027625,0.027232,49.6424
2026-01-09,ADMR,0.049723,0.027724,0.021998,44.2422
2026-01-12,ADMR,0.052069,0.027501,0.024568,47.1842
2026-01-13,ADMR,0.052232,0.027527,0.024705,47.2991
2026-01-14,ADMR,0.051574,0.027548,0.024026,46.5854
2026-01-15,ADMR,0.051634,0.027674,0.02396,46.4032
2026-01-19,ADMR,0.052148,0.027764,0.024384,46.7593
2026-01-20,ADMR,0.052975,0.027934,0.025041,47.269
2026-01-21,ADMR,0.05408,0.028088,0.025992,48.0614
2026-01-22,ADMR,0.054979,0.02828,0.026699,48.5623
2026-01-23,ADMR,0.054276,0.028456,0.02582,47.5714
2026-01-26,ADMR,0.054468,0.028648,0.02582,47.4035
2026-01-27,ADMR,0.054859,0.028847,0.026012,47.4158
2026-01-28,ADMR,0.058085,0.029054,0.029031,49.9803
2026-01-29,ADMR,0.050232,0.029271,0.020961,41.7289
2026-01-30,ADMR,0.051945,0.029492,0.022453,43.2246
2026-02-02,ADMR,0.054108,0.029608,0.024501,45.2804
2026-02-03,ADMR,0.054238,0.029653,0.024585,45.3277
2026-02-04,ADMR,0.050398,0.029605,0.020793,41.2568
2026-02-05,ADMR,0.052226,0.029467,0.022759,43.5776
2026-02-06,ADMR,0.049406,0.029165,0.020242,40.9696
2026-02-09,ADMR,0.049628,0.028854,0.020774,41.86
2026-02-10,ADMR,0.045207,0.028427,0.01678,37.1187
2026-02-11,ADMR,0.044773,0.027866,0.016907,37.7624
2026-02-12,ADMR,0.044631,0.02719,0.017441,39.0781
2026-02-13,ADMR,0.045129,0.026441,0.018688,41.4095
2026-02-18,ADMR,0.046489,0.025715,0.020773,44.6848
2026-02-19,ADMR,0.044841,0.025049,0.019792,44.1382
2026-02-20,ADMR,0.044523,0.024348,0.020174,45.312
2026-02-23,ADMR,0.040451,0.023747,0.016704,41.2941
2026-02-24,ADMR,0.039163,0.02319,0.015974,40.7876
2026-02-25,ADMR,0.042048,0.022787,0.019261,45.8076
2026-02-26,ADMR,0.042263,0.022546,0.019716,46.652
2026-02-27,ADMR,0.039731,0.022539,0.017192,43.2713
2026-03-02,ADMR,0.03973,0.022774,0.016957,42.6795
2026-03-03,ADMR,0.037415,0.023115,0.0143,38.2197
2026-03-04,ADMR,0.036204,0.023643,0.012561,34.6962
2026-03-05,ADMR,0.035903,0.024309,0.011594,32.2931
2026-03-06,ADMR,0.036184,0.024943,0.011241,31.0665
2026-03-09,ADMR,0.033068,0.025491,0.007577,22.9123
2026-03-10,ADMR,0.031852,0.025977,0.005876,18.4465
2026-03-11,ADMR,0.033792,0.026377,0.007415,21.9438
2026-03-12,ADMR,0.0318,0.026653,0.005146,16.1839
2026-03-13,ADMR,0.032157,0.026728,0.005429,16.8826
2026-03-16,ADMR,0.033045,0.026625,0.00642,19.4275
2026-03-17,ADMR,0.033905,0.026442,0.007463,22.0125
2026-03-25,ADMR,0.03223,0.026212,0.006018,18.6706
2026-03-26,ADMR,0.032194,0.025871,0.006323,19.6398
2026-03-27,ADMR,0.03199,0.025412,0.006578,20.5634
2026-03-30,ADMR,0.03248,0.024889,0.007591,23.3702
2026-03-31,ADMR,0.031815,0.024299,0.007516,23.6248
2026-04-01,ADMR,0.028365,0.023851,0.004513,15.9119
2026-04-02,ADMR,0.0311,0.023418,0.007683,24.7035
2026-04-06,ADMR,0.031733,0.023188,0.008545,26.927
2026-04-07,ADMR,0.033092,0.023075,0.010017,30.269
2026-04-08,ADMR,0.034452,0.022996,0.011456,33.2531
2026-04-09,ADMR,0.032478,0.022904,0.009573,29.4768
2026-04-10,ADMR,0.032628,0.0229,0.009727,29.8137
2026-04-13,ADMR,0.033605,0.022867,0.010738,31.9523
2026-04-14,ADMR,0.034786,0.022812,0.011974,34.4211
2026-04-15,ADMR,0.035073,0.02268,0.012393,35.3348
2026-04-16,ADMR,0.032928,0.022483,0.010444,31.7196
2026-04-17,ADMR,0.032879,0.022369,0.01051,31.966
2026-04-20,ADMR,0.032299,0.022302,0.009997,30.9522
2026-04-21,ADMR,0.031727,0.022269,0.009458,29.8115
2026-04-22,ADMR,0.029729,0.022359,0.007369,24.7889
2026-04-23,ADMR,0.029117,0.022418,0.006699,23.0059
2026-04-24,ADMR,0.028736,0.022481,0.006255,21.7661
2026-04-27,ADMR,0.028586,0.022591,0.005995,20.9712
2026-04-28,ADMR,0.027902,0.022689,0.005213,18.6833
2026-04-29,ADMR,0.027798,0.022729,0.005068,18.2326
2025-10-01,ITMG,0.007125,0.010313,0.003187,44.733
2025-10-02,ITMG,0.007097,0.010367,0.00327,46.0772
2025-10-03,ITMG,0.007121,0.010393,0.003272,45.9424
2025-10-06,ITMG,0.00739,0.010407,0.003017,40.8312
2025-10-07,ITMG,0.007432,0.010406,0.002974,40.0167
2025-10-08,ITMG,0.007945,0.010396,0.002451,30.8465
2025-10-09,ITMG,0.008422,0.010379,0.001957,23.2429
2025-10-10,ITMG,0.008991,0.010346,0.001355,15.0717
2025-10-13,ITMG,0.009124,0.010311,0.001187,13.0037
2025-10-14,ITMG,0.009576,0.010266,0.000689,7.1997
2025-10-15,ITMG,0.009713,0.010211,0.000498,5.1248
2025-10-16,ITMG,0.010471,0.010138,0.000333,3.1775
2025-10-17,ITMG,0.009508,0.010081,0.000572,6.0193
2025-10-20,ITMG,0.009876,0.010033,0.000157,1.5901
2025-10-21,ITMG,0.009912,0.009982,7e-05,0.7084
2025-10-22,ITMG,0.009824,0.009942,0.000118,1.196
2025-10-23,ITMG,0.009809,0.009907,9.8e-05,0.9945
2025-10-24,ITMG,0.009783,0.009877,9.4e-05,0.9623
2025-10-27,ITMG,0.009755,0.009856,0.000101,1.0315
2025-10-28,ITMG,0.009772,0.009828,5.6e-05,0.5733
2025-10-29,ITMG,0.009223,0.009802,0.000579,6.2759
2025-10-30,ITMG,0.01041,0.009796,0.000614,5.9006
2025-10-31,ITMG,0.010402,0.009832,0.00057,5.4802
2025-11-03,ITMG,0.011304,0.009881,0.001423,12.5881
2025-11-04,ITMG,0.011339,0.009945,0.001394,12.2936
2025-11-05,ITMG,0.011331,0.01007,0.001261,11.1292
2025-11-06,ITMG,0.011346,0.010214,0.001132,9.9772
2025-11-07,ITMG,0.010975,0.010355,0.00062,5.6499
2025-11-10,ITMG,0.010802,0.010463,0.00034,3.1433
2025-11-11,ITMG,0.0104,0.010555,0.000155,1.4902
2025-11-12,ITMG,0.009867,0.010651,0.000784,7.9477
2025-11-13,ITMG,0.009589,0.010756,0.001168,12.1783
2025-11-14,ITMG,0.009775,0.010863,0.001088,11.1347
2025-11-17,ITMG,0.009611,0.010954,0.001343,13.968
2025-11-18,ITMG,0.010145,0.011019,0.000875,8.6216
2025-11-19,ITMG,0.01015,0.011062,0.000911,8.9795
2025-11-20,ITMG,0.010106,0.011081,0.000976,9.6561
2025-11-21,ITMG,0.010106,0.011078,0.000972,9.6194
2025-11-24,ITMG,0.010174,0.011049,0.000874,8.5941
2025-11-25,ITMG,0.01028,0.011005,0.000725,7.0522
2025-11-26,ITMG,0.010134,0.010939,0.000806,7.9533
2025-11-27,ITMG,0.008564,0.010848,0.002284,26.6763
2025-11-28,ITMG,0.008602,0.01073,0.002128,24.7424
2025-12-01,ITMG,0.0075,0.010608,0.003108,41.4404
2025-12-02,ITMG,0.00735,0.010508,0.003158,42.9641
2025-12-03,ITMG,0.005988,0.010499,0.004511,75.337
2025-12-04,ITMG,0.005786,0.010492,0.004706,81.3401
2025-12-05,ITMG,0.00584,0.010458,0.004617,79.0616
2025-12-08,ITMG,0.005847,0.010416,0.004569,78.1526
2025-12-09,ITMG,0.005746,0.01035,0.004604,80.1158
2025-12-10,ITMG,0.005699,0.010264,0.004565,80.091
2025-12-11,ITMG,0.004814,0.010179,0.005365,111.4569
2025-12-12,ITMG,0.004436,0.010089,0.005653,127.4539
2025-12-15,ITMG,0.004665,0.010003,0.005338,114.4301
2025-12-16,ITMG,0.005434,0.009928,0.004494,82.71
2025-12-17,ITMG,0.006203,0.009899,0.003695,59.5685
2025-12-18,ITMG,0.006215,0.00991,0.003695,59.4429
2025-12-19,ITMG,0.006885,0.009928,0.003043,44.2043
2025-12-22,ITMG,0.006692,0.009941,0.003249,48.5514
2025-12-23,ITMG,0.007522,0.009931,0.002409,32.0325
2025-12-24,ITMG,0.007634,0.009918,0.002284,29.9255
2025-12-29,ITMG,0.007621,0.009896,0.002275,29.8521
2025-12-30,ITMG,0.007664,0.009844,0.00218,28.4403
2026-01-02,ITMG,0.00767,0.00976,0.00209,27.2482
2026-01-05,ITMG,0.007674,0.009665,0.001992,25.9532
2026-01-06,ITMG,0.007689,0.009563,0.001874,24.3701
2026-01-07,ITMG,0.0077,0.009569,0.001869,24.2756
2026-01-08,ITMG,0.007689,0.009617,0.001928,25.0755
2026-01-09,ITMG,0.007727,0.009663,0.001937,25.0657
2026-01-12,ITMG,0.007727,0.009714,0.001987,25.7167
2026-01-13,ITMG,0.007879,0.0098,0.001921,24.3821
2026-01-14,ITMG,0.007823,0.009919,0.002096,26.7918
2026-01-15,ITMG,0.007876,0.010034,0.002158,27.4026
2026-01-19,ITMG,0.007564,0.010136,0.002572,34.0035
2026-01-20,ITMG,0.005825,0.01023,0.004405,75.6126
2026-01-21,ITMG,0.005651,0.010301,0.00465,82.2909
2026-01-22,ITMG,0.006623,0.010378,0.003755,56.695
2026-01-23,ITMG,0.006923,0.010472,0.003549,51.2627
2026-01-26,ITMG,0.00695,0.010561,0.003611,51.9626
2026-01-27,ITMG,0.007978,0.010642,0.002664,33.3886
2026-01-28,ITMG,0.008406,0.010699,0.002293,27.2744
2026-01-29,ITMG,0.008862,0.010758,0.001896,21.3978
2026-01-30,ITMG,0.009188,0.010838,0.00165,17.9548
2026-02-02,ITMG,0.009066,0.010912,0.001847,20.3699
2026-02-03,ITMG,0.009101,0.010971,0.001869,20.5387
2026-02-04,ITMG,0.009091,0.011021,0.001929,21.2232
2026-02-05,ITMG,0.009108,0.011055,0.001946,21.3693
2026-02-06,ITMG,0.009287,0.011066,0.001779,19.1536
2026-02-09,ITMG,0.009285,0.011069,0.001784,19.2116
2026-02-10,ITMG,0.009269,0.011058,0.001789,19.2963
2026-02-11,ITMG,0.009266,0.011042,0.001776,19.1655
2026-02-12,ITMG,0.009441,0.011015,0.001574,16.6755
2026-02-13,ITMG,0.009529,0.010975,0.001446,15.172
2026-02-18,ITMG,0.009641,0.010932,0.00129,13.3822
2026-02-19,ITMG,0.009933,0.010883,0.00095,9.5619
2026-02-20,ITMG,0.009964,0.010835,0.000871,8.7418
2026-02-23,ITMG,0.009109,0.010791,0.001683,18.4758
2026-02-24,ITMG,0.008818,0.010739,0.001921,21.7903
2026-02-25,ITMG,0.008723,0.010702,0.001979,22.6848
2026-02-26,ITMG,0.007498,0.010674,0.003175,42.3497
2026-02-27,ITMG,0.007446,0.010666,0.00322,43.2516
2026-03-02,ITMG,0.009707,0.010672,0.000965,9.9413
2026-03-03,ITMG,0.015905,0.010718,0.005187,32.61
2026-03-04,ITMG,0.015846,0.010864,0.004982,31.4407
2026-03-05,ITMG,0.017348,0.011108,0.00624,35.9675
2026-03-06,ITMG,0.018457,0.011376,0.007081,38.3645
2026-03-09,ITMG,0.020213,0.011667,0.008546,42.2807
2026-03-10,ITMG,0.020313,0.011989,0.008324,40.9803
2026-03-11,ITMG,0.026709,0.012298,0.014412,53.957
2026-03-12,ITMG,0.028562,0.012577,0.015985,55.9654
2026-03-13,ITMG,0.028659,0.012821,0.015839,55.2654
2026-03-16,ITMG,0.028287,0.013015,0.015272,53.9886
2026-03-17,ITMG,0.028301,0.013168,0.015133,53.4731
2026-03-25,ITMG,0.031185,0.013296,0.017889,57.3647
2026-03-26,ITMG,0.032058,0.013418,0.018641,58.1461
2026-03-27,ITMG,0.032836,0.013505,0.019331,58.8713
2026-03-30,ITMG,0.033473,0.013561,0.019912,59.4877
2026-03-31,ITMG,0.033858,0.013603,0.020254,59.822
2026-04-01,ITMG,0.038333,0.0136,0.024733,64.5216
2026-04-02,ITMG,0.038644,0.013592,0.025051,64.8262
2026-04-06,ITMG,0.039396,0.013583,0.025813,65.5225
2026-04-07,ITMG,0.039034,0.013566,0.025469,65.2462
2026-04-08,ITMG,0.037085,0.013517,0.023568,63.5507
2026-04-09,ITMG,0.037818,0.01343,0.024389,64.489
2026-04-10,ITMG,0.036985,0.013379,0.023606,63.8271
2026-04-13,ITMG,0.036129,0.013322,0.022807,63.1273
2026-04-14,ITMG,0.034742,0.013164,0.021578,62.1093
2026-04-15,ITMG,0.034737,0.012941,0.021796,62.7449
2026-04-16,ITMG,0.031735,0.012816,0.018918,59.6138
2026-04-17,ITMG,0.02917,0.012777,0.016393,56.1975
2026-04-20,ITMG,0.029406,0.012611,0.016795,57.1143
2026-04-21,ITMG,0.029451,0.012543,0.016908,57.4117
2026-04-22,ITMG,0.029863,0.012485,0.017378,58.1935
2026-04-23,ITMG,0.024468,0.012407,0.01206,49.2902
2026-04-24,ITMG,0.024352,0.012251,0.012101,49.6926
2026-04-27,ITMG,0.025042,0.012236,0.012807,51.1392
2026-04-28,ITMG,0.02487,0.012226,0.012644,50.8403
2026-04-29,ITMG,0.025981,0.012167,0.013814,53.1694
2025-10-01,PTBA,0.006055,0.011818,0.005763,95.1833
2025-10-02,PTBA,0.006217,0.011867,0.00565,90.8691
2025-10-03,PTBA,0.006373,0.011924,0.00555,87.0896
2025-10-06,PTBA,0.006379,0.011988,0.00561,87.946
2025-10-07,PTBA,0.007239,0.012061,0.004822,66.6097
2025-10-08,PTBA,0.00714,0.012131,0.004991,69.9019
2025-10-09,PTBA,0.010201,0.012202,0.002001,19.6135
2025-10-10,PTBA,0.010763,0.012272,0.001508,14.015
2025-10-13,PTBA,0.011372,0.012329,0.000957,8.4112
2025-10-14,PTBA,0.011944,0.012311,0.000367,3.0733
2025-10-15,PTBA,0.017362,0.012217,0.005145,29.6342
2025-10-16,PTBA,0.018066,0.012068,0.005998,33.2006
2025-10-17,PTBA,0.017875,0.011916,0.005959,33.3349
2025-10-20,PTBA,0.019129,0.011812,0.007317,38.2494
2025-10-21,PTBA,0.020437,0.011735,0.008701,42.5778
2025-10-22,PTBA,0.020954,0.011694,0.009259,44.1899
2025-10-23,PTBA,0.021047,0.011638,0.009409,44.7061
2025-10-24,PTBA,0.021263,0.011548,0.009714,45.687
2025-10-27,PTBA,0.021193,0.011731,0.009463,44.6495
2025-10-28,PTBA,0.021126,0.011981,0.009146,43.2908
2025-10-29,PTBA,0.021107,0.012234,0.008873,42.0363
2025-10-30,PTBA,0.021645,0.012511,0.009134,42.2006
2025-10-31,PTBA,0.021894,0.012811,0.009083,41.4858
2025-11-03,PTBA,0.021853,0.013066,0.008787,40.2083
2025-11-04,PTBA,0.021382,0.013306,0.008076,37.7719
2025-11-05,PTBA,0.021521,0.013541,0.007979,37.0775
2025-11-06,PTBA,0.020554,0.013758,0.006796,33.0636
2025-11-07,PTBA,0.020246,0.013904,0.006342,31.3253
2025-11-10,PTBA,0.019841,0.013998,0.005843,29.4509
2025-11-11,PTBA,0.019373,0.014106,0.005268,27.1899
2025-11-12,PTBA,0.013398,0.014223,0.000825,6.1559
2025-11-13,PTBA,0.013297,0.014337,0.001041,7.8277
2025-11-14,PTBA,0.013541,0.014395,0.000854,6.3082
2025-11-17,PTBA,0.012329,0.014365,0.002036,16.5183
2025-11-18,PTBA,0.011031,0.014273,0.003243,29.3966
2025-11-19,PTBA,0.009904,0.014101,0.004196,42.3677
2025-11-20,PTBA,0.009516,0.013846,0.00433,45.505
2025-11-21,PTBA,0.00908,0.013567,0.004486,49.4062
2025-11-24,PTBA,0.009103,0.013265,0.004162,45.7239
2025-11-25,PTBA,0.009224,0.012974,0.00375,40.6499
2025-11-26,PTBA,0.009048,0.012693,0.003645,40.2824
2025-11-27,PTBA,0.006794,0.012422,0.005629,82.8546
2025-11-28,PTBA,0.006567,0.012123,0.005556,84.5931
2025-12-01,PTBA,0.00672,0.011875,0.005155,76.7075
2025-12-02,PTBA,0.007148,0.011847,0.004699,65.7407
2025-12-03,PTBA,0.006993,0.01195,0.004957,70.8863
2025-12-04,PTBA,0.006617,0.012031,0.005414,81.8118
2025-12-05,PTBA,0.006615,0.012096,0.005481,82.8532
2025-12-08,PTBA,0.006615,0.012133,0.005518,83.4101
2025-12-09,PTBA,0.00662,0.012151,0.005531,83.5376
2025-12-10,PTBA,0.006618,0.01215,0.005532,83.5836
2025-12-11,PTBA,0.006941,0.012135,0.005194,74.8204
2025-12-12,PTBA,0.006791,0.012103,0.005312,78.2137
2025-12-15,PTBA,0.006658,0.012058,0.0054,81.1013
2025-12-16,PTBA,0.006039,0.012035,0.005996,99.2859
2025-12-17,PTBA,0.005975,0.012006,0.006031,100.9303
2025-12-18,PTBA,0.005879,0.011987,0.006109,103.9136
2025-12-19,PTBA,0.005984,0.011964,0.00598,99.9268
2025-12-22,PTBA,0.005989,0.01193,0.005941,99.2066
2025-12-23,PTBA,0.005722,0.011897,0.006175,107.9089
2025-12-24,PTBA,0.005605,0.011834,0.006229,111.1368
2025-12-29,PTBA,0.006632,0.011763,0.005131,77.3577
2025-12-30,PTBA,0.006646,0.011655,0.005009,75.3593
2026-01-02,PTBA,0.006382,0.011521,0.005139,80.5202
2026-01-05,PTBA,0.006375,0.011772,0.005397,84.6643
2026-01-06,PTBA,0.00692,0.012048,0.005128,74.1071
2026-01-07,PTBA,0.008047,0.012358,0.004311,53.5674
2026-01-08,PTBA,0.008711,0.012663,0.003953,45.3746
2026-01-09,PTBA,0.008711,0.012932,0.004221,48.4603
2026-01-12,PTBA,0.008705,0.013203,0.004498,51.6756
2026-01-13,PTBA,0.009289,0.013475,0.004186,45.0689
2026-01-14,PTBA,0.008559,0.013757,0.005197,60.7232
2026-01-15,PTBA,0.008512,0.014031,0.005519,64.8406
2026-01-19,PTBA,0.008459,0.014286,0.005827,68.8926
2026-01-20,PTBA,0.00839,0.014531,0.006141,73.1946
2026-01-21,PTBA,0.008154,0.014751,0.006597,80.9035
2026-01-22,PTBA,0.008574,0.01496,0.006385,74.4714
2026-01-23,PTBA,0.008677,0.015226,0.006549,75.4787
2026-01-26,PTBA,0.008757,0.015483,0.006726,76.8042
2026-01-27,PTBA,0.008757,0.015726,0.006969,79.5867
2026-01-28,PTBA,0.016382,0.015952,0.00043,2.6241
2026-01-29,PTBA,0.016132,0.016113,1.9e-05,0.1194
2026-01-30,PTBA,0.016328,0.016169,0.000159,0.9724
2026-02-02,PTBA,0.016952,0.01618,0.000772,4.5557
2026-02-03,PTBA,0.017144,0.016169,0.000975,5.6886
2026-02-04,PTBA,0.01712,0.016108,0.001013,5.9161
2026-02-05,PTBA,0.016879,0.016017,0.000861,5.1029
2026-02-06,PTBA,0.017045,0.015927,0.001118,6.5581
2026-02-09,PTBA,0.017128,0.015864,0.001264,7.3825
2026-02-10,PTBA,0.017051,0.015801,0.00125,7.3294
2026-02-11,PTBA,0.017124,0.015749,0.001375,8.0269
2026-02-12,PTBA,0.017081,0.015686,0.001394,8.1628
2026-02-13,PTBA,0.017081,0.015603,0.001478,8.6553
2026-02-18,PTBA,0.01798,0.015512,0.002468,13.7261
2026-02-19,PTBA,0.018006,0.015438,0.002569,14.2646
2026-02-20,PTBA,0.01817,0.015384,0.002786,15.3338
2026-02-23,PTBA,0.017718,0.015319,0.002399,13.5379
2026-02-24,PTBA,0.01796,0.015255,0.002705,15.0627
2026-02-25,PTBA,0.018097,0.015181,0.002916,16.1126
2026-02-26,PTBA,0.018195,0.015121,0.003074,16.8944
2026-02-27,PTBA,0.012655,0.01506,0.002404,18.9972
2026-03-02,PTBA,0.017219,0.015031,0.002188,12.7083
2026-03-03,PTBA,0.020962,0.015072,0.00589,28.0995
2026-03-04,PTBA,0.021568,0.015169,0.006399,29.6696
2026-03-05,PTBA,0.022424,0.01524,0.007184,32.0376
2026-03-06,PTBA,0.022432,0.015371,0.007062,31.4802
2026-03-09,PTBA,0.022697,0.015503,0.007194,31.6957
2026-03-10,PTBA,0.022161,0.015611,0.00655,29.5553
2026-03-11,PTBA,0.023446,0.015726,0.00772,32.9284
2026-03-12,PTBA,0.023485,0.015803,0.007682,32.7116
2026-03-13,PTBA,0.023164,0.015866,0.007298,31.5065
2026-03-16,PTBA,0.023125,0.015909,0.007216,31.204
2026-03-17,PTBA,0.023191,0.015942,0.007249,31.2565
2026-03-25,PTBA,0.028464,0.015958,0.012506,43.9375
2026-03-26,PTBA,0.028777,0.016013,0.012764,44.3557
2026-03-27,PTBA,0.02884,0.016031,0.012808,44.4126
2026-03-30,PTBA,0.028866,0.016058,0.012808,44.3714
2026-03-31,PTBA,0.028292,0.016095,0.012198,43.1126
2026-04-01,PTBA,0.032862,0.016144,0.016718,50.8724
2026-04-02,PTBA,0.033414,0.016134,0.017281,51.716
2026-04-06,PTBA,0.033581,0.016078,0.017503,52.121
2026-04-07,PTBA,0.031868,0.015974,0.015893,49.8732
2026-04-08,PTBA,0.029435,0.015754,0.01368,46.4767
2026-04-09,PTBA,0.029108,0.01545,0.013658,46.9216
2026-04-10,PTBA,0.027769,0.015129,0.01264,45.5198
2026-04-13,PTBA,0.027875,0.014748,0.013127,47.0933
2026-04-14,PTBA,0.027806,0.01437,0.013436,48.3205
2026-04-15,PTBA,0.027895,0.014027,0.013868,49.7152
2026-04-16,PTBA,0.027291,0.013716,0.013575,49.7425
2026-04-17,PTBA,0.02721,0.013868,0.013342,49.0342
2026-04-20,PTBA,0.027306,0.014012,0.013294,48.6844
2026-04-21,PTBA,0.027487,0.014133,0.013354,48.5835
2026-04-22,PTBA,0.028308,0.014229,0.014079,49.7357
2026-04-23,PTBA,0.021083,0.014293,0.00679,32.2067
2026-04-24,PTBA,0.021394,0.014325,0.007068,33.0394
2026-04-27,PTBA,0.021406,0.014311,0.007095,33.1461
2026-04-28,PTBA,0.020935,0.014259,0.006675,31.886
2026-04-29,PTBA,0.020853,0.014199,0.006654,31.91
2025-10-01,MEDC,0.016862,0.022338,0.005475,32.4702
2025-10-02,MEDC,0.016767,0.022519,0.005752,34.3079
2025-10-03,MEDC,0.02115,0.022674,0.001524,7.2033
2025-10-06,MEDC,0.01934,0.022913,0.003573,18.4753
2025-10-07,MEDC,0.021658,0.023282,0.001624,7.4991
2025-10-08,MEDC,0.022235,0.023854,0.001619,7.28
2025-10-09,MEDC,0.024309,0.024538,0.000228,0.939
2025-10-10,MEDC,0.025497,0.025309,0.000188,0.7357
2025-10-13,MEDC,0.025891,0.026548,0.000658,2.5406
2025-10-14,MEDC,0.025719,0.027692,0.001974,7.6735
2025-10-15,MEDC,0.031181,0.02863,0.00255,8.1788
2025-10-16,MEDC,0.030391,0.029391,0.001,3.2904
2025-10-17,MEDC,0.031946,0.030048,0.001897,5.9396
2025-10-20,MEDC,0.032022,0.030647,0.001374,4.2922
2025-10-21,MEDC,0.032282,0.031021,0.00126,3.9044
2025-10-22,MEDC,0.032366,0.031229,0.001137,3.5127
2025-10-23,MEDC,0.032766,0.031346,0.00142,4.3335
2025-10-24,MEDC,0.034052,0.031254,0.002798,8.217
2025-10-27,MEDC,0.03435,0.031181,0.003169,9.2256
2025-10-28,MEDC,0.034421,0.031077,0.003344,9.7136
2025-10-29,MEDC,0.034095,0.030949,0.003146,9.2271
2025-10-30,MEDC,0.034133,0.030826,0.003307,9.6878
2025-10-31,MEDC,0.030174,0.030695,0.000521,1.7277
2025-11-03,MEDC,0.030305,0.030268,3.7e-05,0.1213
2025-11-04,MEDC,0.028092,0.029733,0.001641,5.84
2025-11-05,MEDC,0.028505,0.028775,0.000271,0.9499
2025-11-06,MEDC,0.027777,0.0282,0.000423,1.5215
2025-11-07,MEDC,0.027511,0.027734,0.000224,0.8136
2025-11-10,MEDC,0.026204,0.02742,0.001216,4.6422
2025-11-11,MEDC,0.025958,0.027138,0.001179,4.5428
2025-11-12,MEDC,0.020945,0.026786,0.005841,27.8872
2025-11-13,MEDC,0.02095,0.026364,0.005413,25.8377
2025-11-14,MEDC,0.019173,0.026298,0.007125,37.1641
2025-11-17,MEDC,0.018637,0.026053,0.007416,39.7923
2025-11-18,MEDC,0.018366,0.025918,0.007552,41.1191
2025-11-19,MEDC,0.018545,0.025711,0.007166,38.6426
2025-11-20,MEDC,0.017381,0.025417,0.008036,46.2338
2025-11-21,MEDC,0.015594,0.025143,0.00955,61.2406
2025-11-24,MEDC,0.017019,0.024831,0.007812,45.9017
2025-11-25,MEDC,0.016611,0.024547,0.007935,47.7713
2025-11-26,MEDC,0.016611,0.02439,0.007779,46.8273
2025-11-27,MEDC,0.016109,0.024222,0.008113,50.3667
2025-11-28,MEDC,0.016076,0.024029,0.007953,49.4701
2025-12-01,MEDC,0.016076,0.023791,0.007714,47.9846
2025-12-02,MEDC,0.01461,0.023578,0.008968,61.3828
2025-12-03,MEDC,0.013677,0.023363,0.009686,70.8228
2025-12-04,MEDC,0.014256,0.023193,0.008937,62.693
2025-12-05,MEDC,0.015408,0.023135,0.007727,50.1513
2025-12-08,MEDC,0.015368,0.023014,0.007647,49.7589
2025-12-09,MEDC,0.016476,0.022874,0.006398,38.8309
2025-12-10,MEDC,0.016553,0.022679,0.006126,37.0118
2025-12-11,MEDC,0.018334,0.02259,0.004256,23.2122
2025-12-12,MEDC,0.023925,0.022499,0.001427,5.9629
2025-12-15,MEDC,0.0245,0.022457,0.002043,8.3389
2025-12-16,MEDC,0.02472,0.022455,0.002266,9.1647
2025-12-17,MEDC,0.025247,0.022402,0.002846,11.2711
2025-12-18,MEDC,0.025239,0.022388,0.002851,11.2943
2025-12-19,MEDC,0.025132,0.022351,0.002782,11.0675
2025-12-22,MEDC,0.023299,0.022281,0.001019,4.3718
2025-12-23,MEDC,0.023357,0.022164,0.001194,5.1103
2025-12-24,MEDC,0.02338,0.022069,0.00131,5.604
2025-12-29,MEDC,0.02461,0.022078,0.002532,10.289
2025-12-30,MEDC,0.024684,0.022056,0.002627,10.6436
2026-01-02,MEDC,0.029771,0.022064,0.007707,25.8887
2026-01-05,MEDC,0.030073,0.022076,0.007997,26.592
2026-01-06,MEDC,0.029538,0.022227,0.00731,24.7496
2026-01-07,MEDC,0.029582,0.022556,0.007026,23.7503
2026-01-08,MEDC,0.031338,0.022976,0.008362,26.6818
2026-01-09,MEDC,0.033425,0.023479,0.009946,29.7552
2026-01-12,MEDC,0.032901,0.023944,0.008957,27.2232
2026-01-13,MEDC,0.033325,0.024536,0.008788,26.3716
2026-01-14,MEDC,0.032117,0.025362,0.006755,21.0332
2026-01-15,MEDC,0.029454,0.026061,0.003392,11.5167
2026-01-19,MEDC,0.028731,0.026718,0.002014,7.0086
2026-01-20,MEDC,0.027769,0.027224,0.000545,1.9619
2026-01-21,MEDC,0.027525,0.027759,0.000233,0.8477
2026-01-22,MEDC,0.027468,0.028165,0.000697,2.5379
2026-01-23,MEDC,0.027599,0.028477,0.000878,3.18
2026-01-26,MEDC,0.028424,0.028832,0.000408,1.4355
2026-01-27,MEDC,0.02972,0.029246,0.000474,1.595
2026-01-28,MEDC,0.029976,0.029672,0.000304,1.0147
2026-01-29,MEDC,0.029453,0.030173,0.00072,2.4456
2026-01-30,MEDC,0.029315,0.030653,0.001338,4.565
2026-02-02,MEDC,0.028632,0.031147,0.002515,8.7841
2026-02-03,MEDC,0.028502,0.031649,0.003147,11.0405
2026-02-04,MEDC,0.028945,0.031537,0.002592,8.9566
2026-02-05,MEDC,0.030056,0.031585,0.00153,5.0894
2026-02-06,MEDC,0.029202,0.0316,0.002398,8.2134
2026-02-09,MEDC,0.026437,0.031574,0.005137,19.4291
2026-02-10,MEDC,0.027949,0.031662,0.003712,13.2823
2026-02-11,MEDC,0.027807,0.031363,0.003556,12.7897
2026-02-12,MEDC,0.027561,0.031222,0.003662,13.2863
2026-02-13,MEDC,0.027289,0.030914,0.003625,13.2852
2026-02-18,MEDC,0.030413,0.030941,0.000528,1.7354
2026-02-19,MEDC,0.030299,0.030971,0.000672,2.2184
2026-02-20,MEDC,0.030312,0.031098,0.000786,2.5937
2026-02-23,MEDC,0.030024,0.031396,0.001373,4.572
2026-02-24,MEDC,0.03085,0.031592,0.000742,2.4053
2026-02-25,MEDC,0.030257,0.031958,0.001702,5.625
2026-02-26,MEDC,0.030277,0.03191,0.001634,5.3965
2026-02-27,MEDC,0.030447,0.032201,0.001754,5.7613
2026-03-02,MEDC,0.043278,0.032428,0.01085,25.0699
2026-03-03,MEDC,0.045509,0.032916,0.012593,27.6706
2026-03-04,MEDC,0.043849,0.033575,0.010275,23.4316
2026-03-05,MEDC,0.043882,0.034669,0.009212,20.9934
2026-03-06,MEDC,0.044741,0.036173,0.008568,19.15
2026-03-09,MEDC,0.044879,0.037488,0.007392,16.4699
2026-03-10,MEDC,0.044562,0.038561,0.006001,13.4673
2026-03-11,MEDC,0.045544,0.039672,0.005872,12.8928
2026-03-12,MEDC,0.045043,0.040443,0.0046,10.2122
2026-03-13,MEDC,0.045203,0.040863,0.00434,9.6007
2026-03-16,MEDC,0.045543,0.041159,0.004383,9.6248
2026-03-17,MEDC,0.045811,0.041335,0.004476,9.7716
2026-03-25,MEDC,0.044311,0.041384,0.002927,6.606
2026-03-26,MEDC,0.045265,0.041259,0.004006,8.8501
2026-03-27,MEDC,0.045227,0.040704,0.004522,9.9992
2026-03-30,MEDC,0.046303,0.040131,0.006172,13.329
2026-03-31,MEDC,0.047821,0.039752,0.008069,16.8737
2026-04-01,MEDC,0.050995,0.039406,0.01159,22.7268
2026-04-02,MEDC,0.051731,0.039284,0.012447,24.0611
2026-04-06,MEDC,0.051288,0.039136,0.012152,23.693
2026-04-07,MEDC,0.037988,0.038921,0.000933,2.4549
2026-04-08,MEDC,0.0379,0.037466,0.000433,1.1438
2026-04-09,MEDC,0.037112,0.036463,0.000649,1.7496
2026-04-10,MEDC,0.037156,0.035201,0.001955,5.2605
2026-04-13,MEDC,0.039615,0.034913,0.004702,11.8691
2026-04-14,MEDC,0.038797,0.034278,0.004518,11.6464
2026-04-15,MEDC,0.038492,0.033453,0.005039,13.0906
2026-04-16,MEDC,0.037771,0.033136,0.004635,12.2713
2026-04-17,MEDC,0.036774,0.032869,0.003905,10.6193
2026-04-20,MEDC,0.036566,0.032731,0.003834,10.4863
2026-04-21,MEDC,0.036104,0.032445,0.003659,10.1348
2026-04-22,MEDC,0.035565,0.03226,0.003305,9.2937
2026-04-23,MEDC,0.037438,0.031964,0.005474,14.6204
2026-04-24,MEDC,0.037211,0.031682,0.00553,14.8599
2026-04-27,MEDC,0.037256,0.031607,0.005649,15.1621
2026-04-28,MEDC,0.035313,0.031354,0.003958,11.2092
2026-04-29,MEDC,0.034789,0.031021,0.003768,10.8306
2025-10-01,AKRA,0.019739,0.016436,0.003303,16.7342
2025-10-02,AKRA,0.018532,0.016286,0.002246,12.1171
2025-10-03,AKRA,0.019227,0.016188,0.003039,15.8079
2025-10-06,AKRA,0.019455,0.016178,0.003278,16.8475
2025-10-07,AKRA,0.019844,0.01614,0.003704,18.666
2025-10-08,AKRA,0.019642,0.017136,0.002505,12.7554
2025-10-09,AKRA,0.019719,0.018589,0.001129,5.7265
2025-10-10,AKRA,0.02007,0.02033,0.000259,1.2928
2025-10-13,AKRA,0.020178,0.0223,0.002122,10.5161
2025-10-14,AKRA,0.018203,0.024199,0.005997,32.9426
2025-10-15,AKRA,0.018016,0.025487,0.007471,41.4668
2025-10-16,AKRA,0.018952,0.027415,0.008462,44.6508
2025-10-17,AKRA,0.018983,0.027929,0.008946,47.1276
2025-10-20,AKRA,0.01949,0.028133,0.008643,44.3442
2025-10-21,AKRA,0.021369,0.028457,0.007088,33.1708
2025-10-22,AKRA,0.022244,0.028541,0.006297,28.3106
2025-10-23,AKRA,0.022658,0.027536,0.004878,21.5267
2025-10-24,AKRA,0.029625,0.023781,0.005844,19.7253
2025-10-27,AKRA,0.029421,0.021484,0.007937,26.9769
2025-10-28,AKRA,0.029421,0.022274,0.007147,24.2912
2025-10-29,AKRA,0.025297,0.022815,0.002482,9.8132
2025-10-30,AKRA,0.025084,0.022732,0.002352,9.3771
2025-10-31,AKRA,0.024956,0.022221,0.002734,10.957
2025-11-03,AKRA,0.02483,0.021415,0.003416,13.7561
2025-11-04,AKRA,0.024877,0.020554,0.004323,17.3785
2025-11-05,AKRA,0.025922,0.019992,0.00593,22.8754
2025-11-06,AKRA,0.025933,0.019726,0.006207,23.9364
2025-11-07,AKRA,0.025134,0.019651,0.005483,21.8148
2025-11-10,AKRA,0.026247,0.019736,0.006511,24.8066
2025-11-11,AKRA,0.025895,0.019913,0.005982,23.1023
2025-11-12,AKRA,0.025899,0.0199,0.005999,23.1639
2025-11-13,AKRA,0.026156,0.01982,0.006336,24.2248
2025-11-14,AKRA,0.025946,0.019724,0.006223,23.9834
2025-11-17,AKRA,0.026637,0.019484,0.007153,26.855
2025-11-18,AKRA,0.027864,0.018837,0.009027,32.397
2025-11-19,AKRA,0.026411,0.017629,0.008782,33.2524
2025-11-20,AKRA,0.029503,0.01705,0.012452,42.2079
2025-11-21,AKRA,0.023712,0.016586,0.007126,30.0524
2025-11-24,AKRA,0.02445,0.016519,0.007931,32.438
2025-11-25,AKRA,0.024415,0.016325,0.00809,33.1363
2025-11-26,AKRA,0.024411,0.016124,0.008287,33.9481
2025-11-27,AKRA,0.0249,0.016002,0.008897,35.7333
2025-11-28,AKRA,0.024767,0.016307,0.00846,34.1581
2025-12-01,AKRA,0.024401,0.016575,0.007826,32.0713
2025-12-02,AKRA,0.024415,0.016538,0.007877,32.2625
2025-12-03,AKRA,0.023608,0.016226,0.007383,31.2712
2025-12-04,AKRA,0.027448,0.016952,0.010496,38.24
2025-12-05,AKRA,0.028236,0.017462,0.010774,38.158
2025-12-08,AKRA,0.027099,0.016941,0.010158,37.4832
2025-12-09,AKRA,0.028611,0.016893,0.011718,40.957
2025-12-10,AKRA,0.028787,0.01716,0.011627,40.3911
2025-12-11,AKRA,0.029369,0.017206,0.012162,41.4127
2025-12-12,AKRA,0.02931,0.017573,0.011736,40.0427
2025-12-15,AKRA,0.02808,0.018008,0.010072,35.8682
2025-12-16,AKRA,0.024933,0.018171,0.006762,27.1198
2025-12-17,AKRA,0.025085,0.018506,0.006579,26.2273
2025-12-18,AKRA,0.022674,0.019174,0.003501,15.4387
2025-12-19,AKRA,0.022461,0.019301,0.00316,14.0688
2025-12-22,AKRA,0.022002,0.0198,0.002202,10.0096
2025-12-23,AKRA,0.022091,0.019891,0.0022,9.9588
2025-12-24,AKRA,0.022005,0.019938,0.002067,9.3936
2025-12-29,AKRA,0.021322,0.019903,0.001419,6.6547
2025-12-30,AKRA,0.021389,0.019526,0.001863,8.7096
2026-01-02,AKRA,0.021242,0.01895,0.002292,10.7895
2026-01-05,AKRA,0.021217,0.01819,0.003026,14.2638
2026-01-06,AKRA,0.021403,0.017775,0.003629,16.9536
2026-01-07,AKRA,0.016245,0.017908,0.001663,10.2351
2026-01-08,AKRA,0.015521,0.018511,0.00299,19.2663
2026-01-09,AKRA,0.015537,0.018672,0.003135,20.177
2026-01-12,AKRA,0.01288,0.019002,0.006122,47.5342
2026-01-13,AKRA,0.011149,0.01908,0.00793,71.1272
2026-01-14,AKRA,0.009241,0.019478,0.010237,110.7791
2026-01-15,AKRA,0.009275,0.019726,0.010451,112.6782
2026-01-19,AKRA,0.012096,0.019436,0.007339,60.6738
2026-01-20,AKRA,0.013237,0.018429,0.005192,39.2202
2026-01-21,AKRA,0.014819,0.01681,0.001991,13.4357
2026-01-22,AKRA,0.015094,0.015761,0.000667,4.4174
2026-01-23,AKRA,0.015372,0.016077,0.000705,4.5886
2026-01-26,AKRA,0.017198,0.016524,0.000674,3.9182
2026-01-27,AKRA,0.017373,0.016692,0.000682,3.9242
2026-01-28,AKRA,0.021062,0.016745,0.004317,20.4953
2026-01-29,AKRA,0.025168,0.016718,0.00845,33.5729
2026-01-30,AKRA,0.027175,0.016508,0.010667,39.2514
2026-02-02,AKRA,0.027134,0.016231,0.010902,40.18
2026-02-03,AKRA,0.03093,0.0161,0.01483,47.948
2026-02-04,AKRA,0.031272,0.015965,0.015308,48.9498
2026-02-05,AKRA,0.031108,0.015883,0.015225,48.942
2026-02-06,AKRA,0.031003,0.015795,0.015208,49.0522
2026-02-09,AKRA,0.030953,0.015624,0.01533,49.5251
2026-02-10,AKRA,0.031644,0.015396,0.016249,51.3482
2026-02-11,AKRA,0.031694,0.015114,0.01658,52.3136
2026-02-12,AKRA,0.031767,0.01492,0.016847,53.0332
2026-02-13,AKRA,0.031784,0.014789,0.016995,53.4709
2026-02-18,AKRA,0.03096,0.015128,0.015832,51.1362
2026-02-19,AKRA,0.030458,0.01571,0.014748,48.4212
2026-02-20,AKRA,0.029833,0.016394,0.013439,45.0476
2026-02-23,AKRA,0.029569,0.01672,0.012849,43.454
2026-02-24,AKRA,0.029775,0.017338,0.012438,41.7715
2026-02-25,AKRA,0.028448,0.017656,0.010792,37.9358
2026-02-26,AKRA,0.029893,0.018553,0.01134,37.9353
2026-02-27,AKRA,0.029052,0.018877,0.010175,35.025
2026-03-02,AKRA,0.027856,0.018556,0.0093,33.3861
2026-03-03,AKRA,0.027686,0.017363,0.010323,37.2864
2026-03-04,AKRA,0.033433,0.016311,0.017122,51.2139
2026-03-05,AKRA,0.03083,0.015111,0.01572,50.9882
2026-03-06,AKRA,0.030484,0.014707,0.015777,51.7559
2026-03-09,AKRA,0.030472,0.014272,0.0162,53.1629
2026-03-10,AKRA,0.030476,0.014042,0.016434,53.9238
2026-03-11,AKRA,0.030511,0.014001,0.01651,54.1119
2026-03-12,AKRA,0.029554,0.014212,0.015342,51.9105
2026-03-13,AKRA,0.029567,0.014733,0.014834,50.1719
2026-03-16,AKRA,0.030707,0.015288,0.015419,50.2132
2026-03-17,AKRA,0.030898,0.015613,0.015284,49.4676
2026-03-25,AKRA,0.032759,0.016166,0.016593,50.653
2026-03-26,AKRA,0.032669,0.01652,0.016149,49.4322
2026-03-27,AKRA,0.032917,0.016932,0.015985,48.5619
2026-03-30,AKRA,0.034676,0.017126,0.01755,50.6107
2026-03-31,AKRA,0.034524,0.01662,0.017904,51.8606
2026-04-01,AKRA,0.036123,0.01643,0.019693,54.5161
2026-04-02,AKRA,0.034566,0.016285,0.018281,52.8864
2026-04-06,AKRA,0.034082,0.015917,0.018165,53.2977
2026-04-07,AKRA,0.033977,0.015641,0.018336,53.9658
2026-04-08,AKRA,0.033007,0.015202,0.017806,53.9449
2026-04-09,AKRA,0.026587,0.015053,0.011533,43.3807
2026-04-10,AKRA,0.025675,0.014861,0.010814,42.1185
2026-04-13,AKRA,0.026367,0.014727,0.01164,44.1456
2026-04-14,AKRA,0.026405,0.014469,0.011937,45.2053
2026-04-15,AKRA,0.026409,0.01432,0.012089,45.7756
2026-04-16,AKRA,0.027165,0.014218,0.012948,47.6629
2026-04-17,AKRA,0.027328,0.014232,0.013096,47.9206
2026-04-20,AKRA,0.027335,0.014178,0.013157,48.1312
2026-04-21,AKRA,0.027168,0.014133,0.013036,47.9816
2026-04-22,AKRA,0.026674,0.014072,0.012602,47.2456
2026-04-23,AKRA,0.024756,0.014018,0.010738,43.3753
2026-04-24,AKRA,0.024883,0.013885,0.010998,44.2003
2026-04-27,AKRA,0.026918,0.013821,0.013097,48.6553
2026-04-28,AKRA,0.025492,0.013742,0.011749,46.0905
2026-04-29,AKRA,0.025221,0.014074,0.011147,44.1957
